Genus,Species,Common_Name,Scientific_Name,image
ACER,GRISEUM,PAPERBARK MAPLE,ACER GRISEUM ,paperbarkmaple.jpg
ACER,PALMATUM,JAPANESE MAPLE,ACER PALMATUM ,japanesemaple.jpg
ACER,PLATANOIDES,NORWAY MAPLE,ACER PLATANOIDES ,norwaymaple.jpg
ACER,PSEUDOPLATANUS,SYCAMORE MAPLE,ACER PSEUDOPLATANUS (ATROPURPUREUM),sycamoremaple.jpg
ACER,PSEUDOPLATANUS,SYCAMORE MAPLE,ACER PSEUDOPLATANUS (LEOPOLDII),sycamoremaple.jpg
ACER,RUBRUM,RED MAPLE,ACER RUBRUM ,redmaple.jpg
ACER,RUFINERVE,GREY SNAKE-BARK MAPLE,ACER RUFINERVE ,greysnakebarkmaple.jpg
ACER,SACCHARINUM,SILVER MAPLE,ACER SACCHARINUM ,silvermaple.jpg
ACER,SACCHARUM,SUGAR MAPLE,ACER SACCHARUM (GREEN MOUNTAIN),sugarmaple.jpg
ACER,TATARICUM,TARTARIAN MAPLE,ACER TATARICUM (RUGGED CHARM),tartarianmaple.jpg
AESCULUS,GLABRA,OHIO BUCKEYE,AESCULUS GLABRA (FALL RED),ohiobuckeye.jpg
AESCULUS,HIPPOCASTANUM,HORSECHESTNUT,AESCULUS HIPPOCASTANUM (BAUMANNII),horsechestnut.jpg
AESCULUS,PAVIA,RED BUCKEYE,AESCULUS PAVIA ,redbuckeye.jpg
AESCULUS,TURBINATA,JAPANESE HORSECHESTNUT,AESCULUS TURBINATA ,japanesehorsechestnut.jpg
ALNUS,,ALDER,ALNUS  ,alder.jpg
ALNUS,INCANA,SPECKLED ALDER,ALNUS INCANA (AUREA),speckledalder.jpg
AMELANCHIER,LAEVIS,SMOOTH SERVICEBERRY,AMELANCHIER LAEVIS (SPRING FLURRY),smoothserviceberry.jpg
CALLITROPSIS,NOOTKATENSIS,YELLOW-CEDAR,CALLITROPSIS NOOTKATENSIS ,yellowcedar.jpg
CALLITROPSIS,NOOTKATENSIS,YELLOW-CEDAR,CALLITROPSIS NOOTKATENSIS (PENDULA),yellowcedar.jpg
CARPINUS,,HORNBEAM,CARPINUS  ,hornbeam.jpg
CARPINUS,CAROLINIANA,BLUE-BEECH,CARPINUS CAROLINIANA ,bluebeech.jpg
CATALPA,BIGNONIOIDES,SOUTHERN CATALPA,CATALPA BIGNONIOIDES (AUREA),southerncatalpa.jpg
CERCIDIPHYLLUM,JAPONICUM,KATSURATREE,CERCIDIPHYLLUM JAPONICUM ,katsura.jpg
CERCIS,CANADENSIS,EASTERN REDBUD,CERCIS CANADENSIS ,easternredbud.jpg
CORNUS,KOUSA,KOUSA DOGWOOD,CORNUS KOUSA ,kousadogwood.jpg
GINKGO,BILOBA,GINKGO,GINKGO BILOBA (PRINCETON SENTRY),ginkgo.jpg
GLEDITSIA,TRIACANTHOS,HONEY LOCUST,GLEDITSIA TRIACANTHOS ,honeylocust.jpg
GLEDITSIA,TRIACANTHOS,HONEY-LOCUST,GLEDITSIA TRIACANTHOS ,honeylocust.jpg
,,,,
,,,,
,,,,
,,,,
,,,,
,,,,
,,,,
,,,,
,,,,
,,,,
,,,,
,,,,
,,,,
,,,,
,,,,
,,,,
,,,,
,,,,
,,,,
,,,,
,,,,
,,,,
,,,,
,,,,
,,,,
,,,,
,,,,
,,,,
,,,,
,,,,
,,,,
,,,,
,,,,
,,,,
,,,,
,,,,
,,,,
,,,,
,,,,
,,,,
,,,,
,,,,
,,,,
,,,,
,,,,
,,,,
,,,,
,,,,
,,,,
,,,,
,,,,
,,,,
,,,,
,,,,
,,,,
,,,,
,,,,
,,,,
,,,,
,,,,
,,,,
,,,,
,,,,
,,,,
,,,,
,,,,
,,,,
,,,,
,,,,
,,,,
,,,,
,,,,
,,,,
,,,,
,,,,
,,,,
,,,,
,,,,
,,,,
,,,,
,,,,
,,,,
,,,,
,,,,
,,,,
,,,,
,,,,
,,,,
,,,,
,,,,
,,,,
,,,,
,,,,
,,,,
,,,,
,,,,
,,,,
,,,,
,,,,
,,,,
,,,,
,,,,
,,,,
,,,,
,,,,
,,,,
,,,,
,,,,
,,,,
,,,,
,,,,
,,,,
,,,,
,,,,
,,,,
,,,,
,,,,
,,,,
,,,,
,,,,
,,,,
,,,,
,,,,